\L{}ukasz Bozyk | Łukasz Bożyk
\L{}ukasz Bożyk | Łukasz Bożyk
A. Jančařík | Andrej Jančařík
A. Vrba | Antonín Vrba
B. Šťastná | Božena Šťastná
Bart{\l}omiej Bzd{\accent157 e}ga | Bartłomiej Bzdęga
E. Kováč | Emil Kováč
E. Novotná | Erika Novotná
F. Kardoš | František Kardoš
I. Jančigová | Iveta Jančigová
J. Bábeľa | Ján Bábeľa
J. Földes | József Földes
J. Kratochvíl | Jan Kratochvíl
J. Mazák | Ján Mazák
J. Molnár | József Molnár
J. Moravčík | Jozef Moravčík
J. Šimša | Jaromír Šimša
J. Švrček | Jaroslav Švrček
J. Tešínský | Jan Těšínský
J. Těšínský | Jan Těšínský
J. Zhouf | Jaroslav Zhouf
J.Kratochvíl | Jan Kratochvíl
Jaros\l aw Wr\'oblewski | Jarosław Wróblewski
K. Černeková | Katarína Černeková
K. Horák | Karel Horák
K. Pazourek | Karel Pazourek
Karol W\ę{}grzycki | Karol Węgrzycki
L. Boček | Leo Boček
L. Černíček | Libor Černíček
Ľ. Fabšo | Ľubomír Fabšo
L. Hozová | Libuše Hozová
L. Růžičková | Lucia Růžičková
L. Šimůnek | Libor Šimůnek
M. Beneš | Milan Beneš
M. Čadek | Martin Čadek
M. Dillingerová | Monika Dillingerová
M. Engliš | Miroslav Engliš
M. Hejný | Milan Hejný
M. Koblížková | Marie Koblížková
M. Kollár | Rastislav Kollár
M. Krállová | Mária Krállová
M. Krejčová | Marie Krejčová
M. Niepel | Marián Niepel
M. Panák | Martin Panák
M. Petrová | Michaela Petrová
M. Raabová | Marie Raabová
M. Smitková | Miroslava Smitková
M. Tancer | Martin Tancer
M. Volfová | Marta Volfová
Matija Basi\'c | Matija Basić
Micha\l{} Pilipczuk | Michał Pilipczuk
P. Calábek | Pavel Calábek
P. Černek | Pavel Černek
P. Hliněný | Petr Hliněný
P. Kaňovský | Petr Kaňovský
P.Leischner | Pavel Leischner
P. Leischner | Pavel Leischner
P. Tlustý | Pavel Tlustý
P.Černek | Pavel Černek
R. Horenský | Radek Horenský
R. Kollár | Rastislav Kollár
R. Kučera | Radovan Kučera
S. Bednářová | Svetlana Bednářová
S. Bodláková | Silvia Bodláková
Š. Černíčková | Šárka Černíčková
Š. Ptáčková | Šárka Ptáčková
S. Trávníček | Stanislav Trávníček
Smutná | 
T. Hecht | Tomáš Hecht
T. Joska | Tomáš Joska
T. Jurík | Tomáš Jurík
T. Salčák | Tomáš Salčák
Tomasz Cie\'sla | Tomasz Cieśla
Tomasz Przyby\l{}owski | Tomasz Przybylowski
V. Bachratá | Veronika Bachratá
V. Bálint | Vojtech Bálint
V. Dedek | Vladimír Dedek
Zdeno Pezlar | Zdeněk Pezlar